ciudad,calle
Tandil,Santamarina 2211
Tandil,Carlos Casares 928
Tandil,Veteranos de Malvinas 6729
Tandil,Rocca 728
Olavarría,Giovanelli 1341
Olavarría,Juan XXIII 5647
Olavarría,Av Pringeles 342
Olavarría,Rendon 1289
Olavarría,Pellegrino 3290
Olavarría,Antartida Argentina 2008
Olavarría,Moya 1827
Olavarría,Av Del Valle 5567
Olavarría,Vicente López 3789
Olavarría,Rivadavia 1289
Olavarría,Moreno 765
Olavarría,Mitre 3985
Olavarría,Av Nicolás Avellaneda 2878
Olavarría,Cortéz 4227
Azul,De Los Agrarios 365
Azul,Lola Mora 2877
Azul,Las FLores 755